5376	Angus Drive	Vancouver	BC
5342	Angus Drive	Vancouver	BC
5358	Angus Drive	Vancouver	BC
5326	Angus Drive	Vancouver	BC
5308	Angus Drive	Vancouver	BC
1778	W 37 Avenue	Vancouver	BC
1768	W 37 Avenue	Vancouver	BC
1750	W 37 Avenue	Vancouver	BC
1736	W 37 Avenue	Vancouver	BC
1722	W 37 Avenue	Vancouver	BC
5309	Marguerite Street	Vancouver	BC
5308	Marguerite Street	Vancouver	BC
1688	W 37 Avenue	Vancouver	BC
1626	W 37 Avenue	Vancouver	BC
5325	Connaught Drive	Vancouver	BC
5326	Connaught Drive	Vancouver	BC
1530	W 37 Avenue	Vancouver	BC
5376	Connaught Drive	Vancouver	BC
5375	Connaught Drive	Vancouver	BC
1621	Avondale Avenue	Vancouver	BC
1639	Avondale Avenue	Vancouver	BC
1663	Avondale Avenue	Vancouver	BC
1677	Somerset Crescent	Vancouver	BC
1691	Somerset Crescent	Vancouver	BC
5375	Marguerite Street	Vancouver	BC
1721	W 38 Avenue	Vancouver	BC
1735	W 38 Avenue	Vancouver	BC
1749	W 38 Avenue	Vancouver	BC
1763	W 38 Avenue	Vancouver	BC
1777	W 38 Avenue	Vancouver	BC
1608	Avondale Avenue	Vancouver	BC
1622	Avondale Avenue	Vancouver	BC
1626	Avondale Avenue	Vancouver	BC
1650	Somerset Crescent	Vancouver	BC
5515	Somerset Crescent	Vancouver	BC
1678	Somerset Crescent	Vancouver	BC
5376	Marguerite Street	Vancouver	BC
5416	Marguerite Street	Vancouver	BC
5515	Churchill Street	Vancouver	BC
5549	Churchill Street	Vancouver	BC
5560	Somerset Crescent	Vancouver	BC
1631	W 40 Avenue	Vancouver	BC
1655	W 40 Avenue	Vancouver	BC
1667	W 40 Avenue	Vancouver	BC
1679	W 40 Avenue	Vancouver	BC
1691	W 40 Avenue	Vancouver	BC
1741	W 40 Avenue	Vancouver	BC
1757	W 40 Avenue	Vancouver	BC
1775	W 40 Avenue	Vancouver	BC
1790	W 38 Avenue	Vancouver	BC
5476	Angus Drive	Vancouver	BC
1791	W 40 Avenue	Vancouver	BC
5516	Churchill Street	Vancouver	BC
5550	Churchill Street	Vancouver	BC
5584	Churchill Street	Vancouver	BC
5555	Connaught Drive	Vancouver	BC
1511	W 40 Avenue	Vancouver	BC
1537	W 40 Avenue	Vancouver	BC
1588	W 40 Avenue	Vancouver	BC
1608	W 40 Avenue	Vancouver	BC
1630	W 40 Avenue	Vancouver	BC
1638	W 40 Avenue	Vancouver	BC
1650	W 40 Avenue	Vancouver	BC
1656	W 40 Avenue	Vancouver	BC
1668	W 40 Avenue	Vancouver	BC
1688	W 40 Avenue	Vancouver	BC
1692	W 40 Avenue	Vancouver	BC
1708	W 40 Avenue	Vancouver	BC
1728	W 40 Avenue	Vancouver	BC
1742	W 40 Avenue	Vancouver	BC
1758	W 40 Avenue	Vancouver	BC
1776	W 40 Avenue	Vancouver	BC
5610	Angus Drive	Vancouver	BC
5630	Angus Drive	Vancouver	BC
5690	Angus Drive	Vancouver	BC
1757	W 41 Avenue	Vancouver	BC
1741	W 41 Avenue	Vancouver	BC
1725	W 41 Avenue	Vancouver	BC
1691	W 41 Avenue	Vancouver	BC
1679	W 41 Avenue	Vancouver	BC
